{"cameraMode":{"drawMode":0,"name":"Shaded","section":"Shading Mode"},"sceneLighting":true,"audioPlay":false,"sceneViewState":{"m_AlwaysRefresh":false,"showFog":true,"showSkybox":true,"showFlares":true,"showImageEffects":true,"showParticleSystems":true,"showVisualEffectGraphs":true,"m_FxEnabled":true},"in2DMode":false,"pivot":{"x":-0.310353547334671,"y":2.8886196613311769,"z":18.115243911743165},"rotation":{"x":0.0001796478609321639,"y":0.9997499585151672,"z":0.020687663927674295,"w":-0.008697060868144036},"size":0.01000704150646925,"orthographic":false}